{
	"partitions" : [
		{
			"name" : "Top",
			"pins" : [
				{
					"name" : "dataOut[0]",
					"strict" : false
				},
				{
					"name" : "dataOut[1]",
					"strict" : false
				},
				{
					"name" : "dataOut[2]",
					"strict" : false
				},
				{
					"name" : "dataOut[3]",
					"strict" : false
				},
				{
					"name" : "address[1]",
					"strict" : false
				},
				{
					"name" : "address[2]",
					"strict" : false
				},
				{
					"name" : "address[0]",
					"strict" : false
				}
			]
		}
	]
}