{
	"partitions" : [
		{
			"name" : "Top",
			"pins" : [
				{
					"name" : "out0[0]",
					"strict" : false
				},
				{
					"name" : "out0[1]",
					"strict" : false
				},
				{
					"name" : "out0[2]",
					"strict" : false
				},
				{
					"name" : "out0[3]",
					"strict" : false
				},
				{
					"name" : "out0[4]",
					"strict" : false
				},
				{
					"name" : "out0[5]",
					"strict" : false
				},
				{
					"name" : "out0[6]",
					"strict" : false
				},
				{
					"name" : "in0[3]",
					"strict" : false
				},
				{
					"name" : "in0[2]",
					"strict" : false
				},
				{
					"name" : "in0[1]",
					"strict" : false
				},
				{
					"name" : "in0[0]",
					"strict" : false
				}
			]
		}
	]
}