{
	"partitions" : [
		{
			"name" : "Top",
			"pins" : [
				{
					"name" : "out0",
					"strict" : false
				},
				{
					"name" : "inp[10]",
					"strict" : false
				},
				{
					"name" : "sel[1]",
					"strict" : false
				},
				{
					"name" : "inp[9]",
					"strict" : false
				},
				{
					"name" : "sel[0]",
					"strict" : false
				},
				{
					"name" : "inp[8]",
					"strict" : false
				},
				{
					"name" : "inp[11]",
					"strict" : false
				},
				{
					"name" : "sel[3]",
					"strict" : false
				},
				{
					"name" : "inp[5]",
					"strict" : false
				},
				{
					"name" : "inp[6]",
					"strict" : false
				},
				{
					"name" : "inp[4]",
					"strict" : false
				},
				{
					"name" : "inp[7]",
					"strict" : false
				},
				{
					"name" : "sel[2]",
					"strict" : false
				},
				{
					"name" : "inp[2]",
					"strict" : false
				},
				{
					"name" : "inp[1]",
					"strict" : false
				},
				{
					"name" : "inp[0]",
					"strict" : false
				},
				{
					"name" : "inp[3]",
					"strict" : false
				},
				{
					"name" : "inp[13]",
					"strict" : false
				},
				{
					"name" : "inp[14]",
					"strict" : false
				},
				{
					"name" : "inp[12]",
					"strict" : false
				},
				{
					"name" : "inp[15]",
					"strict" : false
				}
			]
		}
	]
}