{
	"partitions" : [
		{
			"name" : "Top",
			"pins" : [
				{
					"name" : "out0",
					"strict" : false
				},
				{
					"name" : "in0[0]",
					"strict" : false
				},
				{
					"name" : "in0[1]",
					"strict" : false
				},
				{
					"name" : "in1[1]",
					"strict" : false
				},
				{
					"name" : "in1[0]",
					"strict" : false
				},
				{
					"name" : "in0[2]",
					"strict" : false
				},
				{
					"name" : "in0[3]",
					"strict" : false
				},
				{
					"name" : "in1[3]",
					"strict" : false
				},
				{
					"name" : "in1[2]",
					"strict" : false
				},
				{
					"name" : "in0[4]",
					"strict" : false
				},
				{
					"name" : "in0[5]",
					"strict" : false
				},
				{
					"name" : "in1[5]",
					"strict" : false
				},
				{
					"name" : "in1[4]",
					"strict" : false
				},
				{
					"name" : "in0[6]",
					"strict" : false
				},
				{
					"name" : "in0[7]",
					"strict" : false
				},
				{
					"name" : "in1[7]",
					"strict" : false
				},
				{
					"name" : "in1[6]",
					"strict" : false
				},
				{
					"name" : "in0[8]",
					"strict" : false
				},
				{
					"name" : "in0[9]",
					"strict" : false
				},
				{
					"name" : "in1[9]",
					"strict" : false
				},
				{
					"name" : "in1[8]",
					"strict" : false
				},
				{
					"name" : "in0[11]",
					"strict" : false
				},
				{
					"name" : "in1[11]",
					"strict" : false
				},
				{
					"name" : "in0[10]",
					"strict" : false
				},
				{
					"name" : "in1[10]",
					"strict" : false
				},
				{
					"name" : "in0[12]",
					"strict" : false
				},
				{
					"name" : "in0[13]",
					"strict" : false
				},
				{
					"name" : "in1[13]",
					"strict" : false
				},
				{
					"name" : "in1[12]",
					"strict" : false
				},
				{
					"name" : "in0[14]",
					"strict" : false
				},
				{
					"name" : "in0[15]",
					"strict" : false
				},
				{
					"name" : "in1[15]",
					"strict" : false
				},
				{
					"name" : "in1[14]",
					"strict" : false
				}
			]
		}
	]
}