{
	"partitions" : [
		{
			"name" : "Top",
			"pins" : [
				{
					"name" : "yout",
					"strict" : false
				},
				{
					"name" : "zout",
					"strict" : false
				},
				{
					"name" : "xout",
					"strict" : false
				},
				{
					"name" : "yi",
					"strict" : false
				},
				{
					"name" : "ai",
					"strict" : false
				},
				{
					"name" : "bi",
					"strict" : false
				},
				{
					"name" : "xi",
					"strict" : false
				},
				{
					"name" : "zi",
					"strict" : false
				}
			]
		}
	]
}