{
	"partitions" : [
		{
			"name" : "Top",
			"pins" : [
				{
					"name" : "ResetOut",
					"strict" : false
				},
				{
					"name" : "FantaOut",
					"strict" : false
				},
				{
					"name" : "SumoLiOut",
					"strict" : false
				},
				{
					"name" : "SumoPeOut",
					"strict" : false
				},
				{
					"name" : "Sel_GelOut",
					"strict" : false
				},
				{
					"name" : "ResetIn",
					"strict" : false
				},
				{
					"name" : "Clock",
					"strict" : false
				},
				{
					"name" : "FantaIn",
					"strict" : false
				},
				{
					"name" : "SumoLiIn",
					"strict" : false
				},
				{
					"name" : "SumoPeIn",
					"strict" : false
				},
				{
					"name" : "Sel_GelIn",
					"strict" : false
				}
			]
		}
	]
}