{
	"partitions" : [
		{
			"name" : "Top",
			"pins" : [
				{
					"name" : "muxOut",
					"strict" : false
				},
				{
					"name" : "inputs[2]",
					"strict" : false
				},
				{
					"name" : "sel[1]",
					"strict" : false
				},
				{
					"name" : "inputs[1]",
					"strict" : false
				},
				{
					"name" : "sel[0]",
					"strict" : false
				},
				{
					"name" : "inputs[0]",
					"strict" : false
				},
				{
					"name" : "inputs[3]",
					"strict" : false
				}
			]
		}
	]
}