{
	"partitions" : [
		{
			"name" : "Top",
			"pins" : [
				{
					"name" : "RCO",
					"strict" : false
				},
				{
					"name" : "QD",
					"strict" : false
				},
				{
					"name" : "QC",
					"strict" : false
				},
				{
					"name" : "QB",
					"strict" : false
				},
				{
					"name" : "QA",
					"strict" : false
				},
				{
					"name" : "CLR",
					"strict" : false
				},
				{
					"name" : "D",
					"strict" : false
				},
				{
					"name" : "clk",
					"strict" : false
				},
				{
					"name" : "C",
					"strict" : false
				},
				{
					"name" : "B",
					"strict" : false
				},
				{
					"name" : "A",
					"strict" : false
				}
			]
		}
	]
}