{
	"partitions" : [
		{
			"name" : "Top",
			"pins" : [
				{
					"name" : "overflow",
					"strict" : false
				},
				{
					"name" : "sum0",
					"strict" : false
				},
				{
					"name" : "sum1",
					"strict" : false
				},
				{
					"name" : "sum2",
					"strict" : false
				},
				{
					"name" : "sum3",
					"strict" : false
				},
				{
					"name" : "in03",
					"strict" : false
				},
				{
					"name" : "Add_Sub",
					"strict" : false
				},
				{
					"name" : "in02",
					"strict" : false
				},
				{
					"name" : "in01",
					"strict" : false
				},
				{
					"name" : "in10",
					"strict" : false
				},
				{
					"name" : "in00",
					"strict" : false
				},
				{
					"name" : "in11",
					"strict" : false
				},
				{
					"name" : "in12",
					"strict" : false
				},
				{
					"name" : "in13",
					"strict" : false
				}
			]
		}
	]
}