{
	"partitions" : [
		{
			"name" : "Top",
			"pins" : [
				{
					"name" : "dataOut[0]",
					"strict" : false
				},
				{
					"name" : "dataOut[1]",
					"strict" : false
				},
				{
					"name" : "dataOut[2]",
					"strict" : false
				},
				{
					"name" : "dataOut[3]",
					"strict" : false
				},
				{
					"name" : "dataOut[4]",
					"strict" : false
				},
				{
					"name" : "dataOut[5]",
					"strict" : false
				},
				{
					"name" : "dataOut[6]",
					"strict" : false
				},
				{
					"name" : "dataOut[7]",
					"strict" : false
				},
				{
					"name" : "dataIn[0]",
					"strict" : false
				},
				{
					"name" : "reset",
					"strict" : false
				},
				{
					"name" : "clk",
					"strict" : false
				},
				{
					"name" : "enable",
					"strict" : false
				},
				{
					"name" : "dataIn[1]",
					"strict" : false
				},
				{
					"name" : "dataIn[2]",
					"strict" : false
				},
				{
					"name" : "dataIn[3]",
					"strict" : false
				},
				{
					"name" : "dataIn[4]",
					"strict" : false
				},
				{
					"name" : "dataIn[5]",
					"strict" : false
				},
				{
					"name" : "dataIn[6]",
					"strict" : false
				},
				{
					"name" : "dataIn[7]",
					"strict" : false
				}
			]
		}
	]
}