{
	"partitions" : [
		{
			"name" : "Top",
			"pins" : [
				{
					"name" : "out0[0]",
					"strict" : false
				},
				{
					"name" : "out0[1]",
					"strict" : false
				},
				{
					"name" : "in1[0]",
					"strict" : false
				},
				{
					"name" : "in0[0]",
					"strict" : false
				},
				{
					"name" : "sel",
					"strict" : false
				},
				{
					"name" : "in1[1]",
					"strict" : false
				},
				{
					"name" : "in0[1]",
					"strict" : false
				}
			]
		}
	]
}