{
	"partitions" : [
		{
			"name" : "Top",
			"pins" : [
				{
					"name" : "NOT",
					"strict" : false
				},
				{
					"name" : "AND",
					"strict" : false
				},
				{
					"name" : "OR",
					"strict" : false
				},
				{
					"name" : "XOR",
					"strict" : false
				},
				{
					"name" : "NAND",
					"strict" : false
				},
				{
					"name" : "NOR",
					"strict" : false
				},
				{
					"name" : "SW[0]",
					"strict" : false
				},
				{
					"name" : "SW[1]",
					"strict" : false
				}
			]
		}
	]
}