{
	"partitions" : [
		{
			"name" : "Top",
			"pins" : [
				{
					"name" : "y",
					"strict" : false
				},
				{
					"name" : "x[2]",
					"strict" : false
				},
				{
					"name" : "s[0]",
					"strict" : false
				},
				{
					"name" : "x[1]",
					"strict" : false
				},
				{
					"name" : "s[1]",
					"strict" : false
				},
				{
					"name" : "x[3]",
					"strict" : false
				},
				{
					"name" : "x[0]",
					"strict" : false
				},
				{
					"name" : "x[5]",
					"strict" : false
				},
				{
					"name" : "x[6]",
					"strict" : false
				},
				{
					"name" : "x[7]",
					"strict" : false
				},
				{
					"name" : "x[4]",
					"strict" : false
				},
				{
					"name" : "s[2]",
					"strict" : false
				}
			]
		}
	]
}