{
	"partitions" : [
		{
			"name" : "Top",
			"pins" : [
				{
					"name" : "cmpOut",
					"strict" : false
				},
				{
					"name" : "inPort0[0]",
					"strict" : false
				},
				{
					"name" : "inPort0[1]",
					"strict" : false
				},
				{
					"name" : "inPort1[1]",
					"strict" : false
				},
				{
					"name" : "inPort1[0]",
					"strict" : false
				},
				{
					"name" : "inPort0[2]",
					"strict" : false
				},
				{
					"name" : "inPort0[3]",
					"strict" : false
				},
				{
					"name" : "inPort1[3]",
					"strict" : false
				},
				{
					"name" : "inPort1[2]",
					"strict" : false
				}
			]
		}
	]
}