{
	"partitions" : [
		{
			"name" : "Top",
			"pins" : [
				{
					"name" : "qa",
					"strict" : false
				},
				{
					"name" : "qb",
					"strict" : false
				},
				{
					"name" : "qc",
					"strict" : false
				},
				{
					"name" : "qd",
					"strict" : false
				},
				{
					"name" : "rco",
					"strict" : false
				},
				{
					"name" : "clear",
					"strict" : false
				},
				{
					"name" : "load",
					"strict" : false
				},
				{
					"name" : "clk",
					"strict" : false
				}
			]
		}
	]
}